customer_id,age,gender,annual_income,spending_score,purchase_amount
1,56,Male,49753,11,109
2,69,Male,67825,49,171
3,46,Male,87903,38,90
4,32,Female,42036,64,167
5,60,Male,42658,69,238
6,25,Male,65662,8,118
7,38,Male,60228,34,105
8,56,Female,77700,48,145
9,36,Female,58758,56,252
10,40,Male,44610,76,188
11,28,Male,58859,65,104
12,28,Male,66630,31,222
13,41,Male,62307,4,67
14,53,Female,57609,50,256
15,57,Female,66000,69,192
16,41,Female,67539,30,238
17,20,Female,70732,88,67
18,39,Male,59730,59,158
19,19,Male,47493,67,143
20,41,Male,52200,75,99
21,61,Female,68097,45,85
22,47,Male,37745,4,175
23,55,Female,55530,26,179
24,19,Female,44099,27,214
25,38,Male,50431,46,124
26,50,Male,69176,64,142
27,29,Male,52866,91,80
28,39,Female,50696,51,227
29,61,Male,29602,50,153
30,42,Female,61193,6,186
31,66,Male,59682,59,187
32,44,Female,82448,15,222
33,59,Female,45383,30,108
34,45,Male,53287,42,184
35,33,Female,53740,37,148
36,32,Female,73661,42,255
37,64,Male,48570,35,108
38,68,Female,54185,87,208
39,61,Male,59118,6,167
40,69,Female,52799,68,164
41,20,Male,43303,18,152
42,54,Male,52911,73,217
43,68,Female,66104,29,163
44,24,Female,34602,77,73
45,38,Female,51994,59,210
46,26,Female,39498,47,201
47,56,Female,67925,17,179
48,35,Male,27152,96,93
49,21,Female,41616,22,101
50,42,Male,55658,68,56
51,31,Male,73482,69,173
52,67,Female,49013,37,82
53,26,Male,41672,49,64
54,43,Male,78217,13,213
55,19,Male,28279,34,188
56,37,Male,17017,86,133
57,45,Female,56600,53,143
58,64,Male,42469,87,29
59,24,Female,34681,51,195
60,61,Female,60625,3,115
61,25,Male,53657,42,166
62,64,Female,41538,98,25
63,52,Female,30795,32,198
64,31,Female,63086,51,112
65,34,Male,59753,85,81
66,53,Female,48512,46,133
67,67,Female,77699,21,120
68,57,Female,33948,44,203
69,21,Male,27117,11,128
70,19,Female,39621,68,218
71,23,Male,49316,1,166
72,59,Male,53650,92,194
73,21,Male,46381,63,149
74,46,Male,55280,24,213
75,35,Male,31226,99,92
76,43,Male,71656,13,155
77,61,Female,48767,98,130
78,51,Male,66759,11,219
79,27,Female,55140,51,224
80,53,Female,56851,17,150
81,31,Male,58546,99,85
82,48,Female,56715,82,171
83,65,Female,59640,86,66
84,32,Female,69937,24,231
85,25,Female,52947,19,126
86,31,Male,60635,37,148
87,40,Female,48653,85,115
88,57,Male,71601,8,104
89,38,Female,39854,28,186
90,33,Female,77014,5,142
91,62,Male,49397,17,152
92,35,Female,28538,36,99
93,64,Female,51921,19,192
94,41,Female,39784,64,197
95,43,Male,62609,91,139
96,42,Female,40210,98,213
97,62,Male,43307,11,144
98,58,Female,21656,54,188
99,46,Male,43215,45,68
100,32,Male,13641,47,167
101,62,Female,26241,12,136
102,18,Female,61406,21,157
103,42,Male,61787,11,155
104,24,Male,56381,92,156
105,26,Female,35495,5,180
106,41,Male,49284,81,121
107,18,Female,49945,56,178
108,61,Female,32624,20,211
109,25,Female,72550,41,79
110,41,Female,63160,46,110
111,28,Male,46685,12,113
112,68,Female,50403,70,95
113,34,Male,53125,17,126
114,25,Female,19373,19,201
115,52,Male,46292,26,222
116,52,Female,39770,48,155
117,50,Male,34975,52,133
118,22,Male,45783,96,190
119,59,Female,76965,70,31
120,56,Female,59612,55,97
121,58,Female,41432,75,33
122,45,Female,58588,33,96
123,24,Male,70990,62,111
124,26,Female,63869,88,223
125,25,Male,50894,23,11
126,29,Male,40295,15,129
127,51,Female,60473,27,180
128,50,Male,55902,75,170
129,65,Male,63427,64,223
130,40,Male,59527,81,158
131,41,Male,65743,51,168
132,54,Female,41971,53,58
133,52,Female,69760,78,100
134,61,Female,52963,91,60
135,57,Female,81128,82,178
136,39,Male,39662,92,167
137,44,Male,76039,51,165
138,52,Female,52968,47,105
139,18,Female,40228,4,101
140,52,Female,42741,7,160
141,54,Male,45194,35,116
142,64,Female,56362,48,98
143,31,Female,57842,73,124
144,20,Female,41394,72,116
145,18,Male,49634,45,106
146,22,Male,82134,81,88
147,43,Male,75913,81,172
148,31,Male,56544,97,227
149,56,Male,50570,96,148
150,44,Male,51800,72,161
151,26,Male,59202,19,176
152,32,Male,34658,63,168
153,32,Female,46139,38,107
154,43,Female,24971,67,235
155,59,Male,55988,59,112
156,30,Male,59707,69,182
157,68,Female,42752,13,176
158,49,Male,73609,47,52
159,56,Male,31613,61,132
160,66,Male,28034,31,152
161,69,Female,53366,80,156
162,49,Female,65706,96,165
163,21,Female,75258,22,187
164,47,Female,43116,93,149
165,54,Female,66180,86,167
166,40,Male,49422,43,147
167,56,Female,47410,67,99
168,62,Male,63254,54,151
169,32,Male,59784,10,187
170,60,Female,26354,42,205
171,46,Female,72148,64,176
172,53,Male,70701,21,216
173,30,Male,40616,80,170
174,49,Male,55937,76,193
175,24,Female,57410,66,196
176,68,Female,53910,41,138
177,39,Female,41745,24,186
178,45,Female,39925,35,102
179,19,Female,49616,56,167
180,59,Male,67590,30,178
181,62,Female,58154,57,202
182,23,Male,44440,94,191
183,45,Male,61575,47,203
184,45,Male,7271,35,145
185,61,Female,67231,19,132
186,61,Female,23904,8,136
187,37,Female,44563,26,163
188,47,Male,33204,71,59
189,28,Male,30579,30,216
190,45,Male,67412,7,152
191,42,Male,42984,67,129
192,56,Male,55197,65,23
193,50,Male,49296,36,148
194,18,Female,57155,25,140
195,44,Female,51152,37,105
196,69,Female,30755,1,116
197,30,Female,64944,15,148
198,58,Male,42593,37,120
199,20,Male,26651,13,178
200,56,Female,43578,8,112
201,23,Male,72511,5,157
202,25,Female,62753,60,209
203,44,Female,44770,73,148
204,26,Female,44761,1,167
205,54,Male,45175,36,164
206,50,Female,81151,35,150
207,68,Female,55729,66,146
208,59,Female,56450,63,121
209,61,Male,65454,23,157
210,41,Male,53581,9,135
211,32,Female,46114,34,227
212,49,Male,47054,46,190
213,49,Male,48925,78,77
214,41,Male,49441,4,80
215,58,Male,60914,30,143
216,69,Male,50779,95,130
217,66,Male,60989,75,140
218,66,Male,48789,99,182
219,69,Male,51179,72,165
220,29,Male,20026,3,165
221,56,Male,63744,14,222
222,19,Female,55197,60,80
223,20,Female,64970,77,155
224,66,Male,6556,45,121
225,54,Female,81325,96,221
226,66,Female,47906,34,39
227,34,Male,66622,45,41
228,66,Male,34401,61,165
229,19,Male,59191,83,206
230,19,Female,34198,16,188
231,45,Female,40643,66,109
232,40,Male,78710,40,225
233,54,Male,47139,17,88
234,49,Male,53261,34,215
235,50,Female,63051,16,95
236,18,Female,57435,60,132
237,36,Female,52256,66,181
238,19,Female,55474,66,76
239,61,Male,86051,90,223
240,43,Male,49135,13,132
241,49,Male,53016,56,156
242,23,Male,65759,31,208
243,49,Female,66582,34,110
244,21,Female,67805,39,203
245,28,Male,59580,67,232
246,34,Male,32854,8,117
247,55,Female,74501,87,218
248,41,Male,32804,78,61
249,22,Female,54539,55,169
250,69,Male,38685,27,88
251,51,Male,49037,93,197
252,23,Male,54931,53,193
253,39,Male,54820,39,253
254,28,Male,56328,65,221
255,65,Male,74205,17,141
256,33,Male,56803,30,95
257,50,Female,46337,53,178
258,26,Female,64461,13,146
259,23,Female,67842,21,227
260,33,Female,31585,19,41
261,46,Female,58961,53,259
262,20,Male,60517,19,176
263,37,Male,45536,57,109
264,53,Female,70635,25,186
265,36,Male,47749,86,214
266,43,Female,51883,31,155
267,20,Female,47403,81,61
268,36,Male,50233,55,135
269,37,Male,33555,23,201
270,49,Male,28399,32,174
271,24,Female,73917,62,142
272,69,Male,37295,74,215
273,58,Female,35129,10,186
274,50,Female,17699,72,190
275,57,Female,40415,54,129
276,56,Male,30153,52,124
277,35,Male,74630,20,65
278,57,Female,65147,32,137
279,18,Male,39677,14,196
280,28,Male,83786,50,139
281,45,Male,64726,28,172
282,42,Female,45127,53,205
283,67,Female,12508,24,168
284,40,Male,84364,79,173
285,48,Female,29156,22,82
286,47,Male,25319,30,133
287,59,Male,65338,63,236
288,52,Male,86596,4,155
289,24,Male,70764,77,244
290,33,Female,58458,59,113
291,43,Female,58921,87,161
292,65,Female,62801,8,130
293,69,Male,61383,82,179
294,66,Male,54217,12,194
295,19,Male,51563,31,180
296,18,Female,49061,78,202
297,65,Male,38690,34,149
298,29,Female,45789,82,140
299,22,Female,24605,98,62
300,54,Female,48524,75,181
301,49,Female,35171,76,158
302,26,Female,33446,49,146
303,58,Female,52698,79,140
304,52,Male,70880,57,148
305,36,Male,63774,95,138
306,65,Female,26442,93,123
307,33,Female,35155,26,161
308,20,Male,64111,18,174
309,37,Female,35262,96,111
310,41,Female,46630,86,129
311,50,Male,58250,38,139
312,41,Female,35474,81,150
313,69,Female,51580,87,143
314,28,Female,29989,88,182
315,66,Male,40979,50,67
316,25,Male,54796,8,76
317,53,Male,26105,41,159
318,55,Female,56607,6,119
319,57,Female,49705,69,194
320,37,Male,58287,44,208
321,52,Female,53358,64,161
322,65,Female,70462,29,96
323,42,Female,51878,28,202
324,52,Female,43558,11,159
325,42,Female,51834,65,75
326,46,Male,58149,19,80
327,35,Female,50732,9,225
328,63,Male,50608,27,217
329,35,Female,39470,34,24
330,19,Male,40056,44,82
331,52,Female,28960,68,207
332,33,Male,76243,82,149
333,58,Female,31342,15,185
334,53,Male,39606,51,146
335,50,Female,39223,13,182
336,21,Male,63423,83,150
337,50,Female,45575,49,128
338,31,Male,68716,70,202
339,38,Male,39897,56,160
340,65,Female,54184,76,182
341,37,Female,37469,51,157
342,25,Male,82177,37,125
343,24,Female,32186,17,230
344,20,Male,54647,58,167
345,34,Male,59506,87,132
346,50,Male,56206,90,213
347,65,Female,47220,29,83
348,29,Male,48052,33,261
349,68,Male,50657,60,141
350,39,Female,47794,91,86
351,39,Female,64458,89,245
352,63,Female,83157,55,126
353,47,Female,41637,10,162
354,55,Male,29452,47,185
355,55,Male,48675,23,209
356,62,Male,88695,85,164
357,68,Male,37944,21,117
358,25,Female,74586,13,160
359,44,Male,75165,33,129
360,44,Male,41696,24,162
361,51,Female,58534,11,231
362,38,Male,74425,17,187
363,47,Male,44313,68,160
364,50,Male,46946,47,186
365,45,Male,41274,25,190
366,64,Male,34778,94,96
367,50,Male,40260,73,152
368,22,Female,31640,21,278
369,65,Female,50511,84,210
370,36,Male,38450,83,124
371,21,Male,53506,83,119
372,52,Female,26661,12,118
373,66,Male,54963,37,193
374,34,Male,62502,42,230
375,61,Male,20093,17,179
376,45,Female,55610,48,157
377,47,Male,68415,28,127
378,46,Female,31855,41,166
379,63,Male,75088,99,108
380,23,Female,56285,47,53
381,52,Female,39424,18,231
382,58,Male,49163,78,99
383,54,Female,58374,99,133
384,41,Male,51140,71,182
385,46,Female,58081,13,221
386,66,Male,36189,82,162
387,63,Male,52540,13,90
388,48,Female,28794,31,134
389,52,Male,48331,2,116
390,50,Male,36441,16,148
391,69,Female,38967,9,211
392,38,Male,68541,73,23
393,49,Male,66369,38,129
394,40,Female,59137,75,125
395,50,Female,33615,54,87
396,20,Male,45253,56,179
397,35,Male,68196,86,79
398,42,Female,52125,97,85
399,59,Female,84789,87,192
400,48,Male,55899,45,225
401,20,Female,52880,34,146
402,57,Male,45363,9,89
403,63,Male,52003,88,114
404,41,Male,47712,8,200
405,67,Male,60621,7,155
406,49,Male,64350,36,144
407,64,Female,38210,18,165
408,39,Female,30031,3,148
409,40,Female,22456,28,227
410,19,Female,57619,70,112
411,44,Male,33449,44,106
412,59,Male,17706,21,80
413,19,Male,55828,28,123
414,43,Male,87394,54,95
415,34,Female,49908,54,160
416,57,Male,62577,65,151
417,50,Male,51227,21,96
418,26,Female,48516,99,179
419,60,Female,63786,13,225
420,65,Female,45645,57,167
421,56,Female,54010,49,22
422,46,Male,54825,54,249
423,59,Male,39978,10,187
424,43,Female,64880,53,247
425,52,Male,47375,44,204
426,67,Male,38663,47,214
427,42,Male,58047,53,160
428,41,Female,36522,74,136
429,30,Male,50422,46,168
430,24,Female,49863,13,114
431,53,Male,66288,37,171
432,62,Male,57120,24,18
433,37,Male,49624,2,152
434,18,Female,62266,86,217
435,25,Male,70853,81,154
436,63,Female,58367,14,236
437,33,Female,50155,10,136
438,31,Female,30322,35,200
439,29,Male,34023,25,106
440,68,Male,45421,3,198
441,40,Male,40857,17,161
442,32,Male,47195,12,139
443,45,Female,50849,54,21
444,51,Female,57945,24,137
445,19,Female,48942,29,160
446,49,Male,57297,43,191
447,40,Female,50967,25,228
448,39,Male,20368,60,251
449,68,Female,35909,90,212
450,42,Male,47838,65,121
451,39,Male,31854,84,134
452,39,Female,58998,28,186
453,66,Female,72961,16,175
454,69,Female,68281,47,231
455,59,Female,46798,81,273
456,23,Male,72360,92,263
457,32,Female,52230,58,224
458,60,Female,44943,76,176
459,54,Female,40798,27,217
460,50,Male,45462,53,233
461,25,Male,44177,42,142
462,61,Female,52556,59,123
463,61,Male,52408,47,111
464,22,Female,50045,94,106
465,56,Male,56554,34,80
466,21,Male,67859,37,162
467,23,Male,64243,6,100
468,62,Male,27726,7,110
469,49,Female,11691,96,185
470,69,Female,64014,96,159
471,47,Female,29496,25,171
472,64,Male,46628,33,218
473,52,Female,32448,55,193
474,57,Female,22970,58,225
475,69,Female,58121,7,153
476,33,Male,61387,57,230
477,30,Male,41352,12,167
478,67,Male,11134,16,158
479,59,Female,41806,80,223
480,47,Female,55877,43,106
481,36,Female,27816,77,251
482,34,Male,52750,7,135
483,36,Male,49770,51,89
484,45,Female,58689,73,182
485,43,Male,51793,32,131
486,54,Male,35403,75,251
487,43,Male,67948,8,128
488,40,Male,47622,97,165
489,26,Female,49590,87,78
490,29,Male,36000,89,190
491,18,Male,43350,72,111
492,18,Male,36727,45,184
493,64,Male,47405,86,128
494,51,Female,75675,59,47
495,49,Female,29421,4,156
496,65,Male,25796,67,154
497,42,Male,72067,29,194
498,57,Male,46860,29,227
499,62,Male,39963,98,245
500,18,Male,65598,98,193
501,33,Male,40915,28,163
502,56,Female,77390,77,78
503,22,Male,60168,79,160
504,39,Female,42681,87,160
505,46,Female,82359,44,140
506,20,Male,40914,90,181
507,29,Female,61131,4,206
508,43,Female,54489,90,109
509,33,Female,69526,9,108
510,68,Female,73422,5,143
511,54,Female,50480,56,119
512,39,Female,38698,96,67
513,46,Male,56899,84,100
514,31,Female,39834,50,88
515,45,Female,80200,75,210
516,22,Female,52048,15,235
517,64,Male,44520,32,95
518,66,Female,52770,28,177
519,47,Male,29793,22,193
520,63,Female,35425,17,75
521,69,Male,68006,59,158
522,22,Male,40146,90,276
523,29,Female,34296,71,183
524,33,Female,58049,57,137
525,43,Male,67785,26,121
526,43,Female,60784,25,48
527,65,Male,64940,10,173
528,38,Male,38648,45,247
529,56,Male,28672,83,109
530,53,Male,72520,11,53
531,50,Male,45159,77,116
532,47,Female,46237,53,194
533,54,Male,69922,72,128
534,40,Male,58343,68,108
535,27,Female,56838,95,150
536,22,Male,82475,28,161
537,53,Female,40347,75,80
538,51,Female,63917,65,139
539,69,Female,50855,49,125
540,48,Male,54028,47,117
541,27,Male,72927,52,99
542,36,Male,57617,88,197
543,49,Female,58074,54,117
544,18,Male,66087,60,50
545,22,Female,44525,57,163
546,62,Male,37411,47,186
547,21,Female,34327,31,110
548,33,Male,20504,46,122
549,41,Male,80843,26,117
550,33,Male,33451,5,132
551,19,Female,46681,84,205
552,66,Female,45847,52,144
553,45,Male,54611,75,191
554,49,Male,62236,54,101
555,44,Female,62907,33,130
556,37,Female,41253,50,197
557,41,Female,47493,38,109
558,29,Male,54238,27,200
559,67,Female,46269,98,118
560,52,Male,74110,15,133
561,50,Female,57364,96,233
562,50,Male,61023,61,128
563,68,Female,59943,21,157
564,60,Female,67602,46,180
565,54,Female,52715,69,161
566,29,Female,30547,6,162
567,20,Female,55995,38,147
568,18,Male,40229,62,84
569,50,Female,42070,86,167
570,57,Female,58795,62,113
571,27,Female,68574,82,188
572,60,Male,50319,78,218
573,61,Female,54632,74,59
574,46,Male,75533,46,218
575,30,Female,53611,13,129
576,29,Female,89025,95,143
577,48,Male,58482,94,104
578,63,Female,23588,3,159
579,19,Male,61300,94,153
580,68,Male,55717,6,203
581,67,Female,69346,93,112
582,52,Male,60097,8,233
583,40,Female,47923,44,183
584,34,Female,31635,33,154
585,43,Male,46864,81,140
586,25,Male,37242,75,134
587,46,Male,41292,77,137
588,43,Male,58828,50,158
589,27,Female,75048,11,139
590,43,Female,55920,95,117
591,51,Male,32061,28,158
592,68,Female,56669,70,108
593,58,Female,67949,41,166
594,24,Female,40853,16,138
595,21,Female,47989,68,184
596,67,Male,50220,99,199
597,62,Male,38226,48,199
598,28,Female,59724,56,165
599,46,Male,48185,64,171
600,53,Male,56292,59,133
601,42,Male,36687,90,183
602,38,Female,43438,62,189
603,53,Female,60835,76,71
604,27,Female,44407,11,168
605,54,Male,75904,89,218
606,26,Female,44005,18,132
607,41,Female,53370,19,121
608,52,Male,63988,87,129
609,66,Female,28724,55,74
610,52,Female,23587,82,156
611,65,Male,27115,26,151
612,53,Male,68938,6,159
613,35,Male,41722,4,170
614,66,Female,88372,29,110
615,56,Female,41536,59,163
616,49,Female,52768,98,172
617,41,Male,73131,17,125
618,40,Male,80091,43,171
619,49,Female,80922,80,154
620,54,Female,68125,66,118
621,29,Male,65360,34,164
622,66,Male,58887,8,135
623,30,Male,61675,13,184
624,40,Male,41732,8,138
625,42,Female,37727,94,85
626,52,Male,49949,96,163
627,58,Female,47447,94,161
628,47,Female,43201,65,95
629,34,Female,60445,43,187
630,66,Male,64329,39,184
631,37,Male,51326,81,106
632,65,Male,72162,59,117
633,42,Male,32874,84,142
634,39,Female,47095,88,112
635,30,Male,39247,86,182
636,36,Male,22001,93,157
637,66,Female,48759,86,95
638,53,Male,48173,44,108
639,29,Female,72701,9,209
640,58,Female,59462,37,226
641,36,Female,34637,74,176
642,29,Female,77811,36,139
643,26,Female,68315,92,128
644,24,Female,58731,28,177
645,45,Female,46602,42,153
646,31,Female,35608,43,69
647,48,Male,44416,85,201
648,69,Male,66331,88,217
649,36,Male,78268,42,186
650,64,Male,73148,66,95
651,33,Female,42667,55,118
652,22,Male,33205,72,57
653,52,Female,52113,48,229
654,29,Male,23473,91,132
655,42,Male,54847,22,266
656,69,Male,47785,27,247
657,38,Female,43009,93,104
658,53,Male,26079,67,114
659,40,Female,57704,13,173
660,33,Female,42009,45,62
661,56,Male,32451,10,128
662,62,Male,6916,9,123
663,59,Male,49587,54,242
664,56,Female,76583,27,158
665,31,Male,74918,34,135
666,48,Female,43143,1,118
667,22,Female,40966,32,194
668,52,Male,57031,89,125
669,40,Male,35024,93,147
670,46,Female,54526,71,118
671,60,Female,61491,67,74
672,28,Female,68403,84,100
673,35,Male,48497,20,124
674,64,Female,46944,94,136
675,29,Male,36830,35,139
676,26,Female,37596,99,145
677,27,Female,46602,91,125
678,61,Male,55510,90,217
679,34,Female,63703,78,197
680,55,Male,37952,17,143
681,24,Male,72390,18,162
682,63,Female,45933,45,131
683,30,Male,49679,93,7
684,57,Male,38791,84,151
685,59,Female,13636,53,165
686,26,Male,63260,91,69
687,67,Male,61052,82,174
688,44,Male,45780,68,135
689,19,Female,51004,65,166
690,22,Male,57739,1,137
691,46,Female,26561,58,212
692,54,Female,42064,26,161
693,55,Male,61913,20,200
694,36,Male,31185,87,204
695,25,Male,54403,10,94
696,65,Female,29651,59,113
697,62,Male,56996,75,172
698,18,Male,49465,41,131
699,39,Male,25773,5,138
700,69,Male,67471,65,214
701,34,Male,38981,17,134
702,24,Female,37846,22,101
703,42,Female,53008,98,108
704,62,Male,67229,41,259
705,21,Male,34762,93,141
706,53,Male,50925,68,81
707,23,Male,56432,69,61
708,48,Female,60396,11,118
709,36,Male,52646,56,140
710,61,Female,44494,51,197
711,56,Female,37586,21,192
712,44,Male,51292,99,149
713,27,Female,33917,76,127
714,43,Female,6179,26,166
715,36,Female,56548,19,62
716,56,Female,63559,60,249
717,20,Male,14556,71,182
718,62,Male,34854,47,193
719,30,Female,59287,71,96
720,67,Male,80862,26,214
721,45,Male,50311,40,126
722,37,Male,39079,5,102
723,45,Male,47256,21,148
724,25,Male,70623,78,146
725,58,Female,40310,4,96
726,56,Male,38012,23,105
727,18,Male,42758,84,101
728,20,Male,35700,15,101
729,30,Male,51840,93,130
730,45,Female,74370,8,80
731,66,Female,54846,41,115
732,42,Female,46214,19,202
733,50,Female,45622,46,191
734,55,Male,26552,28,97
735,23,Female,63246,91,197
736,61,Male,48832,68,51
737,62,Male,47292,15,271
738,49,Male,97896,99,215
739,62,Male,54481,37,122
740,64,Male,38723,1,169
741,38,Female,43604,67,79
742,33,Female,67226,24,153
743,38,Female,51699,27,140
744,28,Female,28425,40,108
745,54,Male,63788,63,126
746,53,Female,39977,61,121
747,52,Male,78099,36,93
748,36,Female,66200,98,107
749,37,Male,43290,93,77
750,35,Male,69215,24,192
751,64,Female,51017,24,103
752,58,Male,62791,4,88
753,66,Male,57270,67,192
754,31,Female,37304,34,168
755,32,Male,40346,57,190
756,48,Female,65449,49,195
757,18,Female,44978,87,246
758,20,Female,43945,53,142
759,33,Male,35673,23,77
760,40,Male,56353,69,163
761,28,Male,80937,95,116
762,29,Female,33987,53,102
763,27,Male,50363,62,154
764,49,Female,71183,41,193
765,33,Female,48805,57,108
766,25,Male,56785,60,213
767,55,Female,34064,54,100
768,29,Male,56424,70,137
769,41,Male,47192,57,169
770,45,Male,64785,10,130
771,25,Male,67810,40,61
772,45,Male,88843,7,196
773,53,Female,58694,38,118
774,43,Female,54886,85,187
775,25,Female,52915,61,86
776,67,Male,44702,84,95
777,45,Male,55077,3,193
778,45,Male,45568,51,167
779,54,Female,52526,86,128
780,58,Male,69763,47,167
781,53,Female,34901,68,102
782,44,Female,67098,92,155
783,34,Male,69756,76,156
784,26,Male,48228,38,131
785,50,Female,18172,36,108
786,37,Male,40882,41,153
787,30,Female,69454,69,147
788,45,Male,49656,13,126
789,65,Male,35010,87,98
790,46,Female,42428,58,150
791,30,Male,62609,50,126
792,63,Female,58201,30,98
793,52,Male,46416,62,152
794,23,Female,44497,25,230
795,35,Female,44123,27,131
796,68,Male,36163,51,224
797,22,Female,74230,78,255
798,64,Male,45165,57,102
799,42,Male,68257,47,150
800,19,Male,72819,39,255
801,27,Female,64974,16,143
802,47,Female,43525,22,151
803,67,Male,56055,85,66
804,62,Male,49637,54,123
805,22,Female,36444,21,177
806,50,Male,54865,72,271
807,18,Male,32314,16,140
808,35,Female,67815,59,66
809,49,Male,43030,31,79
810,64,Female,53017,42,148
811,66,Male,54249,74,208
812,28,Female,46116,32,181
813,38,Male,58800,59,173
814,43,Male,42876,34,215
815,42,Female,63069,9,113
816,39,Male,29810,81,150
817,44,Female,51895,11,123
818,66,Male,79083,96,136
819,30,Female,34995,10,99
820,50,Female,39833,86,132
821,51,Female,57708,17,148
822,58,Female,52693,68,131
823,52,Male,55259,48,141
824,18,Male,57337,52,170
825,38,Female,59520,25,211
826,65,Female,66645,21,215
827,23,Female,56147,65,188
828,45,Male,46381,63,87
829,34,Male,60088,89,131
830,22,Male,78498,51,136
831,48,Male,48010,36,117
832,22,Female,35382,81,167
833,55,Female,66606,88,70
834,20,Female,48194,66,234
835,40,Male,17409,15,209
836,54,Male,62711,96,173
837,54,Male,41970,39,146
838,27,Female,48642,70,211
839,27,Female,54979,1,184
840,36,Male,52857,23,205
841,34,Female,60641,39,147
842,38,Male,43467,57,239
843,31,Male,57696,81,208
844,26,Female,46106,34,175
845,63,Male,61082,41,212
846,18,Female,59230,93,129
847,68,Male,35968,73,91
848,62,Female,66289,13,166
849,30,Female,41960,70,147
850,21,Female,62120,6,140
851,18,Male,55509,84,210
852,66,Male,77572,52,158
853,57,Female,46648,3,163
854,49,Female,44760,81,133
855,51,Male,49708,63,194
856,45,Male,45452,49,185
857,48,Male,61999,76,193
858,25,Female,25755,47,125
859,56,Male,34194,55,215
860,43,Male,33982,64,241
861,51,Female,64254,65,192
862,20,Male,75659,81,109
863,67,Male,48433,67,109
864,29,Male,47467,90,131
865,18,Female,51050,15,121
866,61,Female,67428,32,146
867,22,Female,36089,96,181
868,47,Female,53575,68,164
869,47,Female,64627,18,160
870,34,Female,57516,83,137
871,65,Female,52843,43,146
872,64,Male,65015,35,189
873,40,Male,9451,78,49
874,32,Female,60168,58,149
875,54,Male,40188,33,164
876,38,Male,22540,14,189
877,31,Female,57668,34,99
878,19,Male,70604,61,96
879,28,Male,47938,4,179
880,68,Male,64293,88,54
881,56,Male,74184,59,216
882,55,Male,69723,29,161
883,51,Female,74599,83,227
884,55,Female,61131,6,95
885,67,Female,51131,97,128
886,51,Male,25970,49,29
887,35,Female,46309,40,110
888,47,Male,37351,83,140
889,32,Male,82564,65,51
890,44,Male,47361,69,130
891,68,Male,51848,27,50
892,51,Female,58272,80,137
893,69,Female,50654,6,207
894,55,Male,75425,13,148
895,50,Female,40660,64,232
896,41,Male,52919,62,189
897,32,Female,38862,99,217
898,47,Female,30199,19,111
899,59,Male,40823,76,110
900,68,Female,49444,80,167
901,34,Male,43560,43,71
902,22,Female,39613,74,173
903,46,Male,28905,89,133
904,21,Male,48753,20,216
905,27,Female,27429,95,183
906,34,Female,61400,68,204
907,27,Male,51236,44,112
908,34,Female,28136,23,202
909,37,Female,45361,2,222
910,41,Male,38717,22,148
911,22,Male,54787,57,113
912,51,Female,70106,72,113
913,23,Male,21872,7,211
914,19,Male,51725,78,284
915,30,Male,47598,56,100
916,60,Female,60070,67,97
917,60,Female,53197,16,196
918,65,Male,38720,83,112
919,28,Female,45214,51,200
920,68,Male,38059,82,173
921,64,Female,66140,80,148
922,40,Male,50319,72,172
923,33,Male,78517,97,169
924,48,Female,49090,12,141
925,28,Male,39373,53,62
926,33,Female,27294,75,158
927,25,Female,22952,5,228
928,21,Male,26237,27,69
929,57,Male,54006,12,101
930,21,Female,57630,17,171
931,42,Male,26282,6,151
932,20,Male,63425,97,170
933,49,Male,42754,5,115
934,20,Male,52201,57,208
935,44,Male,74183,28,152
936,46,Female,63452,78,184
937,49,Female,45972,69,166
938,67,Male,36632,59,158
939,68,Male,17722,33,181
940,36,Male,39212,62,159
941,38,Female,46833,50,90
942,22,Male,35192,19,204
943,35,Female,48031,86,190
944,45,Female,51152,69,44
945,59,Female,46627,66,117
946,39,Male,40249,94,202
947,38,Female,52529,47,58
948,23,Male,56629,39,197
949,18,Female,33644,68,142
950,22,Male,71163,33,217
951,58,Female,48521,13,149
952,29,Male,50282,84,113
953,43,Female,60623,54,165
954,63,Male,53498,7,148
955,51,Male,64297,79,109
956,66,Male,54306,87,260
957,31,Male,40813,14,101
958,43,Female,55422,87,37
959,62,Female,32844,19,229
960,44,Male,51628,54,120
961,26,Female,49501,93,135
962,43,Male,46878,20,132
963,64,Male,48071,29,121
964,39,Female,21772,24,111
965,64,Male,41769,82,100
966,47,Male,51392,63,153
967,60,Female,52397,74,129
968,65,Male,34584,57,186
969,34,Male,68985,8,174
970,43,Male,37007,90,103
971,53,Male,64541,62,155
972,18,Female,56407,29,129
973,25,Female,40306,74,100
974,66,Female,76629,17,184
975,52,Male,32095,66,143
976,69,Male,63787,6,129
977,32,Female,65008,58,107
978,64,Male,39940,69,98
979,39,Male,70886,28,249
980,31,Male,46249,62,166
981,43,Male,54330,41,95
982,45,Female,53904,69,164
983,40,Female,47985,82,203
984,31,Female,62162,90,158
985,41,Male,61902,84,218
986,19,Female,23772,41,72
987,62,Female,69565,49,50
988,43,Male,25062,91,163
989,31,Male,65488,49,163
990,68,Female,66900,76,-16
991,24,Female,33635,71,118
992,20,Female,43837,3,99
993,64,Female,33414,10,80
994,40,Male,46776,98,99
995,63,Female,45379,89,179
996,60,Female,61694,35,99
997,64,Male,69654,80,100
998,62,Female,70935,2,69
999,35,Male,41567,24,213
1000,55,Male,46861,74,171
